<?xml version='1.0' encoding='UTF-8' ?>
<schemas xmlns='http://xml.netbeans.org/schema/JAXBWizConfig' destdir='build/generated-sources/jaxb' projectName='ShareBroker' version='1.0'>
	<schema type='-xmlschema' package='ShareDetails' name='current_shares'>
		<xjc-options>
		</xjc-options>
		<schema-sources>
			<schema-source location='src/conf/xml-resources/jaxb/current_shares/shares.xsd' origLocation='src/java/main/shares.xsd'/>
		</schema-sources>
		<bindings>
		</bindings>
		<catalog/>
	</schema>
</schemas>
