<?xml version="1.0" encoding="UTF-8"?><!--
        *** GENERATED FROM jax-ws.xml - DO NOT EDIT !                             ***
        *** TO MODIFY wsimport options USE Web Service node -> Edit WS Attributes ***
        *** TO CHANGE TARGETS GENERATED TO jaxws-build.xml COPY THOSE             ***
        *** TARGETS TO ../build.xml AND MODIFY THAT FILE INSTEAD                  ***

        --><project xmlns:xalan="http://xml.apache.org/xslt" xmlns:j2seproject3="http://www.netbeans.org/ns/j2se-project/3" xmlns:jaxws="http://www.netbeans.org/ns/jax-ws/1">
    <!--
                ===================
                JAX-WS WSIMPORT SECTION
                ===================
            -->
    <target name="wsimport-init" depends="init">
        <mkdir dir="${build.generated.sources.dir}/jax-ws"/>
        <taskdef name="wsimport" classname="com.sun.tools.ws.ant.WsImport">
            <classpath path="${libs.jaxws21.classpath}"/>
        </taskdef>
    </target>
    <target name="wsimport-client-ShareBrokerService" depends="wsimport-init">
        <mkdir dir="${build.generated.dir}/jax-wsCache/ShareBrokerService"/>
        <property name="wsdl-ShareBrokerService" location="xml-resources/web-service-references/ShareBrokerService/wsdl/localhost_8080/ShareBroker/ShareBrokerService.wsdl"/>
        <wsimport sourcedestdir="${build.generated.dir}/jax-wsCache/ShareBrokerService" destdir="${build.generated.dir}/jax-wsCache/ShareBrokerService" wsdl="${wsdl-ShareBrokerService}" catalog="catalog.xml" encoding="${source.encoding}" extension="true" verbose="true" fork="false" wsdlLocation="http://localhost:8080/ShareBroker/ShareBrokerService?wsdl" xnocompile="true" xendorsed="true">
            <depends file="${wsdl-ShareBrokerService}"/>
            <produces dir="${build.generated.dir}/jax-wsCache/ShareBrokerService"/>
        </wsimport>
        <copy todir="${build.generated.sources.dir}/jax-ws">
            <fileset dir="${build.generated.dir}/jax-wsCache/ShareBrokerService">
                <include name="**/*.java"/>
            </fileset>
        </copy>
    </target>
    <target name="wsimport-client-clean-ShareBrokerService" depends="-init-project">
        <delete dir="${build.generated.dir}/jax-wsCache/ShareBrokerService"/>
        <delete dir="${build.generated.sources.dir}/jax-ws/ws"/>
    </target>
    <target name="wsimport-client-ConversionRestResourceService" depends="wsimport-init">
        <mkdir dir="${build.generated.dir}/jax-wsCache/ConversionRestResourceService"/>
        <property name="wsdl-ConversionRestResourceService" location="xml-resources/web-service-references/ConversionRestResourceService/wsdl/localhost_8080/CurrencyConvertor/ConversionRestResourceService.wsdl"/>
        <wsimport sourcedestdir="${build.generated.dir}/jax-wsCache/ConversionRestResourceService" destdir="${build.generated.dir}/jax-wsCache/ConversionRestResourceService" wsdl="${wsdl-ConversionRestResourceService}" catalog="catalog.xml" encoding="${source.encoding}" extension="true" verbose="true" fork="false" wsdlLocation="http://localhost:8080/CurrencyConvertor/ConversionRestResourceService?wsdl" xnocompile="true" xendorsed="true">
            <depends file="${wsdl-ConversionRestResourceService}"/>
            <produces dir="${build.generated.dir}/jax-wsCache/ConversionRestResourceService"/>
        </wsimport>
        <copy todir="${build.generated.sources.dir}/jax-ws">
            <fileset dir="${build.generated.dir}/jax-wsCache/ConversionRestResourceService">
                <include name="**/*.java"/>
            </fileset>
        </copy>
    </target>
    <target name="wsimport-client-clean-ConversionRestResourceService" depends="-init-project">
        <delete dir="${build.generated.dir}/jax-wsCache/ConversionRestResourceService"/>
        <delete dir="${build.generated.sources.dir}/jax-ws/docwebservices"/>
    </target>
    <target name="wsimport-client-generate" depends="wsimport-client-ShareBrokerService, wsimport-client-ConversionRestResourceService"/>
</project>
