<?xml version='1.0' encoding='UTF-8' ?>
<schemas xmlns='http://xml.netbeans.org/schema/JAXBWizConfig' destdir='build/generated-sources/jaxb' projectName='SharesClient' version='1.0'>
	<schema type='-xmlschema' package='CurrentShares' name='ShareDetails'>
		<xjc-options>
		</xjc-options>
		<schema-sources>
			<schema-source location='xml-resources/jaxb/ShareDetails/shares.xsd' origLocation='../ShareBroker/src/java/main/shares.xsd'/>
		</schema-sources>
		<bindings>
		</bindings>
		<catalog/>
	</schema>
</schemas>
