<?xml version="1.0" encoding="UTF-8" standalone="no"?>
<catalog xmlns="urn:oasis:names:tc:entity:xmlns:xml:catalog" prefer="system">
    <system systemId="http://localhost:8080/ShareBroker/ShareBrokerService?wsdl" uri="wsdl/localhost_8080/ShareBroker/ShareBrokerService.wsdl"/>
    <system systemId="http://localhost:8080/ShareBroker/ShareBrokerService?xsd=1" uri="wsdl/localhost_8080/ShareBroker/ShareBrokerService.xsd_1.xsd"/>
    <system systemId="http://localhost:8080/ShareBroker/ShareBrokerService?xsd=2" uri="wsdl/localhost_8080/ShareBroker/ShareBrokerService.xsd_2.xsd"/>
    <system systemId="http://localhost:8080/CurrencyConvertor/CurrencyConversionWSService?wsdl" uri="wsdl/localhost_8080/CurrencyConvertor/CurrencyConversionWSService.wsdl"/>
    <system systemId="http://localhost:8080/CurrencyConvertor/CurrencyConversionWSService?xsd=1" uri="wsdl/localhost_8080/CurrencyConvertor/CurrencyConversionWSService.xsd_1.xsd"/>
    <system systemId="http://localhost:8080/CurrencyConvertor/ConversionRestResourceService?wsdl" uri="wsdl/localhost_8080/CurrencyConvertor/ConversionRestResourceService.wsdl"/>
    <system systemId="http://localhost:8080/CurrencyConvertor/ConversionRestResourceService?xsd=1" uri="wsdl/localhost_8080/CurrencyConvertor/ConversionRestResourceService.xsd_1.xsd"/>
    <system systemId="http://localhost:8080/CurrencyConverterWS/currencyConverterService?wsdl" uri="wsdl/localhost_8080/CurrencyConverterWS/currencyConverterService.wsdl"/>
    <system systemId="http://localhost:8080/CurrencyConverterWS/currencyConverterService?xsd=1" uri="wsdl/localhost_8080/CurrencyConverterWS/currencyConverterService.xsd_1.xsd"/>
    <system systemId="http://localhost:8080/ShareBroker/financeNewsService?wsdl" uri="wsdl/localhost_8080/ShareBroker/financeNewsService.wsdl"/>
    <system systemId="http://localhost:8080/ShareBroker/financeNewsService?xsd=1" uri="wsdl/localhost_8080/ShareBroker/financeNewsService.xsd_1.xsd"/>
</catalog>