<?xml version="1.0" encoding="UTF-8"?>
<project-private xmlns="http://www.netbeans.org/ns/project-private/1">
    <editor-bookmarks xmlns="http://www.netbeans.org/ns/editor-bookmarks/2" lastBookmarkId="0"/>
    <open-files xmlns="http://www.netbeans.org/ns/projectui-open-files/2">
        <group>
            <file>file:/D:/Nayphilim/Documents/NetBeansProjects/SharesClient/src/main/ShareBrokerClient.java</file>
            <file>file:/D:/Nayphilim/Documents/NetBeansProjects/SharesClient/src/main/CurrentUser.java</file>
            <file>file:/D:/Nayphilim/Documents/NetBeansProjects/SharesClient/src/main/ShareBrokeView.java</file>
            <file>file:/D:/Nayphilim/Documents/NetBeansProjects/SharesClient/xml-resources/jaxb/ShareDetails/shares.xsd</file>
            <file>file:/D:/Nayphilim/Documents/NetBeansProjects/SharesClient/src/main/CurrentShare.java</file>
            <file>file:/D:/Nayphilim/Documents/NetBeansProjects/SharesClient/src/main/loginView.java</file>
        </group>
    </open-files>
</project-private>
