<?xml version="1.0" encoding="UTF-8"?>
<jax-ws xmlns="http://www.netbeans.org/ns/jax-ws/1">
  <services>
    <service name="ConversionRestResource">
      <implementation-class>DOCwebServices.ConversionRestResource</implementation-class>
    </service>
    <service name="CurrencyConversionWS">
      <implementation-class>DOCwebServices.CurrencyConversionWS</implementation-class>
    </service>
  </services>
  <clients>
    <client name="CurrencyConversionWSService">
      <wsdl-url>http://localhost:8080/CurrencyConvertor/CurrencyConversionWSService?wsdl</wsdl-url>
      <local-wsdl-file>localhost_8080/CurrencyConvertor/CurrencyConversionWSService.wsdl</local-wsdl-file>
      <package-name forceReplace="true">DOCwebServices_client</package-name>
      <catalog-file>catalog.xml</catalog-file>
      <wsimport-options>
        <wsimport-option>
          <wsimport-option-name>extension</wsimport-option-name>
          <wsimport-option-value>true</wsimport-option-value>
        </wsimport-option>
        <wsimport-option>
          <wsimport-option-name>verbose</wsimport-option-name>
          <wsimport-option-value>true</wsimport-option-value>
        </wsimport-option>
        <wsimport-option>
          <wsimport-option-name>fork</wsimport-option-name>
          <wsimport-option-value>false</wsimport-option-value>
        </wsimport-option>
        <wsimport-option>
          <wsimport-option-name>wsdlLocation</wsimport-option-name>
          <wsimport-option-value>http://localhost:8080/CurrencyConvertor/CurrencyConversionWSService?wsdl</wsimport-option-value>
        </wsimport-option>
        <wsimport-option>
          <wsimport-option-name>xnocompile</wsimport-option-name>
          <wsimport-option-value>true</wsimport-option-value>
        </wsimport-option>
        <wsimport-option>
          <wsimport-option-name>xendorsed</wsimport-option-name>
          <wsimport-option-value>true</wsimport-option-value>
        </wsimport-option>
        <wsimport-option>
          <wsimport-option-name>package</wsimport-option-name>
          <wsimport-option-value>DOCwebServices_client</wsimport-option-value>
        </wsimport-option>
      </wsimport-options>
    </client>
  </clients>
</jax-ws>
